{"cameraMode":{"drawMode":0,"name":"Shaded","section":"Shading Mode"},"sceneLighting":true,"audioPlay":false,"sceneViewState":{"m_AlwaysRefresh":false,"showFog":true,"showSkybox":true,"showFlares":true,"showImageEffects":true,"showParticleSystems":true,"showVisualEffectGraphs":true,"m_FxEnabled":true},"in2DMode":false,"pivot":{"x":4.836132049560547,"y":-39.984275817871097,"z":-21.318584442138673},"rotation":{"x":0.005861274898052216,"y":-0.854645848274231,"z":0.5190742611885071,"w":0.009648598730564118},"size":25.941959381103517,"orthographic":false}