{"cameraMode":{"drawMode":0,"name":"Shaded","section":"Shading Mode"},"sceneLighting":false,"audioPlay":false,"sceneViewState":{"m_AlwaysRefresh":false,"showFog":true,"showSkybox":false,"showFlares":true,"showImageEffects":true,"showParticleSystems":true,"showVisualEffectGraphs":true,"m_FxEnabled":true},"in2DMode":false,"pivot":{"x":-5.657351016998291,"y":0.3762906789779663,"z":-0.48045456409454348},"rotation":{"x":0.3012302815914154,"y":-0.010011878795921803,"z":0.003162653185427189,"w":0.9534938335418701},"size":4.136335849761963,"orthographic":false}